Name,Innings,Range and Positioning,Stolen Bases,Bunts,GFP/DME,Adj ER Saved,Strike Zone,GDP,OF Arm,Total Runs Saved
Roberto Perez,899.2,,2,0,7,5,10,,,24
Austin Hedges,747,0,0,-2,2,6,17,0,,23
Cody Bellinger,1189,14,,1,3,,,0,5,23
Hunter Renfroe,932.2,13,,,3,,,,6,22
Victor Robles,1160.2,10,,,2,,,,8,20
Nick Ahmed,1243.2,18,,,1,,,0,,19
Trevor Story,1127.1,15,,,2,,,2,,19
Lorenzo Cain,1063,15,,,6,,,,-3,18
Aaron Judge,694.1,11,,,3,,,,2,16
Matt Chapman,1203.1,13,,1,3,,,-1,,16
Javier Baez,1125.2,9,,,3,,,4,,16
Mike Tauchman,694.1,11,,,3,,,,1,15
Max Muncy,1057.1,14,,0,-1,,,1,,14
Mookie Betts,1235.1,11,,,0,,,,3,14
Kevin Kiermaier,948.1,10,,,2,,,,2,14
Kolten Wong,1121.1,13,,,2,,,-1,,14
Brian Anderson,1044.1,6,,0,2,,,1,5,14
Andrelton Simmons,741.1,13,,,0,,,0,,13
Alex Verdugo,756,10,,,1,,,,2,13
Mike Zunino,655.2,,3,0,1,4,4,,,12
Miguel Rojas,939.1,12,,,0,,,0,,12
Harrison Bader,750.2,12,,,-1,,,,1,12
Paul DeJong,1210.1,11,,,-2,,,2,,11
Martin Maldonado,785.2,0,1,,6,4,0,0,,11
Josh Donaldson,1185,10,,0,1,,,0,,11
Buster Posey,802,0,0,1,2,-1,9,0,,11
J.T. Realmuto,1082.1,0,10,-1,4,-4,2,0,,11
Danny Jansen,793.2,,2,0,-1,5,5,,,11
Willy Adames,1189.2,7,,,1,,,2,,10
Jacob Stallings,394.1,,2,0,2,4,2,,,10
Adalberto Mondesi,763.2,7,,,1,,,2,,10
Byron Buxton,692,8,,,-1,,,,3,10
Matt Olson,977,11,,-1,0,,,0,,10
Billy Hamilton,778.1,11,,,-1,,,,0,10
David Peralta,806,9,,,-1,,,,2,10
Ronald Acuna Jr.,1274,2,,,3,,,,5,10
Jose Iglesias,1068,5,,,2,,,2,,9
David Fletcher,1162.2,5,,1,2,,,1,0,9
Chad Pinder,702,4,,0,2,,,-1,3,8
Corey Seager,961.2,5,,,1,,,2,,8
Tyler Naquin,649.2,4,,,2,,,,2,8
Francisco Lindor,1069.1,4,,,4,,,0,,8
Joc Pederson,844.1,4,,0,1,,,0,3,8
Delino DeShields,764.2,8,,,1,,,,-1,8
Max Kepler,1093,10,,,-1,,,,-1,8
George Springer,802.1,5,,,2,,,,1,8
Michael Brantley,928.2,7,,,1,,,,0,8
Jarrod Dyson,795,2,,,2,,,,3,7
Yolmer Sanchez,1119.1,2,,,2,,,3,,7
Kike Hernandez,829.1,7,,,0,,,0,0,7
Cesar Hernandez,1216.2,11,,,-2,,,-2,,7
Yan Gomes,655,,3,1,3,2,-2,0,,7
Nolan Arenado,1202.1,7,,-1,1,,,0,,7
Christian Walker,1053.1,7,,0,-1,,,1,,7
Jeimer Candelario,675,7,,0,0,,,0,,7
Ryan McMahon,984.1,5,,0,1,,,1,,7
Adam Frazier,1048.2,6,,,1,,,0,,7
Scott Kingery,890.1,8,,1,-3,,,0,0,6
Ozzie Albies,1282.1,6,,,0,,,0,,6
Mike Yastrzemski,688,2,,,2,,,,2,6
Tony Kemp,459.2,6,,,0,,,0,0,6
Ketel Marte,1159,2,,,1,,,1,2,6
Tom Murphy,513,0,3,0,-1,2,2,,0,6
Dallas Keuchel,90.2,5,1,0,0,,,,,6
Paul Goldschmidt,1214.2,6,,0,-1,,,1,,6
Evan Longoria,907,5,,2,-1,,,0,,6
Tony Wolters,833.2,0,4,1,6,1,-6,0,,6
Josh Reddick,1044.2,3,,,5,,,0,-2,6
Joey Votto,1024,5,,1,0,,,0,,6
Marwin Gonzalez,877.2,1,,0,0,,,0,5,6
Gerardo Parra,537,3,0,0,1,,,0,2,6
Tommy Edman,507.2,5,,,0,,,1,0,6
Adam Haseley,392,5,,,1,,,,0,6
Cesar Puello,312.2,5,,,0,,,,0,5
Eduardo Escobar,1224,3,,0,2,,,0,,5
Robbie Grossman,918.1,7,,,0,,,,-2,5
Manny Pina,321,0,-1,0,1,2,3,0,,5
Clayton Richard,45.1,3,2,,0,,,,,5
Jake Marisnick,679.1,6,,,0,,,,-1,5
Manny Machado,1220.1,5,,0,1,,,-1,,5
Austin Barnes,521.2,0,0,-1,2,0,4,0,,5
Christian Vazquez,920,0,2,-1,-4,2,6,0,,5
Max Fried,154.1,2,2,1,0,,,,,5
Joey Wendle,472.2,4,,,1,,,0,,5
Joe Musgrove,154.1,4,2,-1,0,,,,,5
Brett Phillips,124,3,,,0,,,,2,5
Mac Williamson,318,3,,,0,,,,2,5
Luis Urias,417,4,,,1,,,0,,5
Greg Allen,500.1,3,,,0,,,,2,5
Steven Duggar,600,6,,,0,,,,-1,5
Jalen Beeks,100,3,1,0,0,,,,,4
Jeff McNeil,957,0,,0,0,,,1,3,4
Luis Castillo,173.2,2,0,1,1,,,,,4
Oscar Mercado,814.2,4,,,-1,,,,1,4
Joey Gallo,551.1,1,,,0,,,,3,4
Yasiel Puig,1106,-3,,,3,,,,4,4
Ronald Guzman,547.2,3,,0,1,,,0,,4
German Marquez,174,3,2,-1,0,,,,,4
Marcus Stroman,160.1,2,1,0,1,,,,,4
Chris Stratton,71.1,2,1,1,0,,,,,4
Chris Taylor,739.2,4,,,-1,,,1,0,4
DJ LeMahieu,1121.2,5,,1,-1,,,-1,,4
Vince Velasquez,105.2,2,0,1,0,,,,1,4
Ben Gamel,597.2,5,,,0,,,,-1,4
James McCann,822.1,,3,0,0,3,-2,,,4
Bryce Harper,1172,6,,,-3,,,,1,4
Anthony Rizzo,1158.2,1,,1,2,,,0,,4
Clayton Kershaw,159,3,1,0,0,,,,,4
Francisco Liriano,65,4,0,,0,,,,,4
T.J. McFarland,53.2,2,2,0,0,,,,,4
Zack Cozart,242.2,3,,0,1,,,0,,4
Adam Wainwright,149.1,2,1,1,0,,,,,4
Peter Bourjos,122,3,,,0,,,0,1,4
Zack Greinke,189.1,2,1,1,0,,,,,4
Russell Martin,459,1,0,0,-1,2,2,0,,4
Freddie Freeman,1270.2,3,,0,1,,,0,,4
Carlos Gonzalez,272,4,,,0,,,,0,4
Alex Avila,371,0,2,0,3,-1,0,,,4
Bryan Reynolds,964,1,,,3,,,,0,4
Seth Brown,87,2,,,1,,,0,1,4
Mike Soroka,158.2,3,0,1,0,,,,,4
Austin Riley,509.2,2,,0,0,,,0,2,4
Zach Plesac,106.1,1,3,0,0,,,,,4
Brandon Lowe,615,2,,,0,,,1,0,3
Matt Thaiss,269.1,2,,0,1,,,0,,3
Luis Rengifo,876.2,6,,,-3,,,0,,3
Bo Bichette,303.2,2,,,1,,,0,,3
Jason Heyward,1107,4,,,0,,,,-1,3
Todd Frazier,897.1,-1,,2,2,,,0,,3
Travis Shaw,519,3,,0,0,,,0,,3
Curt Casali,449.1,0,-2,0,2,2,1,0,,3
Tucker Barnhart,687.1,0,-2,0,4,-1,2,0,,3
Miles Mikolas,165.1,3,0,0,0,,,,,3
Brett Gardner,1048.1,2,,,2,,,,-1,3
Matt Adams,580.1,4,,-1,0,,,0,,3
Patrick Corbin,179.2,1,1,0,1,,,,,3
Tyler Flowers,617,,0,-1,-4,-2,10,,,3
Kevin Plawecki,391,0,-1,0,0,0,4,0,,3
Carson Kelly,706.2,0,-2,0,3,0,2,0,,3
Jose Ramirez,1070.2,3,,1,-1,,,0,,3
Jose Peraza,719.2,4,0,,-2,,,2,-1,3
Luke Maile,322.1,0,1,0,1,-1,2,,,3
Erik Gonzalez,232.1,2,,0,0,,,1,,3
Ross Stripling,81.2,2,1,0,0,,,,,3
Jackie Bradley Jr.,1108.1,-6,,,5,,,,4,3
Phillip Ervin,396,4,,,0,,,,-1,3
Hyun-Jin Ryu,161.2,1,1,1,0,,,,,3
Manuel Margot,848.2,7,,,1,,,,-5,3
Tim Lopes,218.1,2,,,0,,,0,1,3
Daniel Robertson,491.1,3,0,-1,0,,,1,,3
Wei-Chung Wang,29.2,2,1,,0,,,,,3
Aaron Nola,184.2,2,1,0,0,,,,,3
Garrett Cooper,791,2,,0,1,,,1,-1,3
Lucas Giolito,170.2,2,1,0,0,,,,,3
Meibrys Viloria,246,,1,,0,1,1,,,3
Mauricio Dubon,95,3,,,0,,,0,,3
Myles Straw,265.1,4,,,0,,,-1,0,3
Jack Flaherty,168.1,1,2,0,0,,,,,3
Alex Bregman,1175.1,4,,0,0,,,-1,,3
Ranger Suarez,41.1,0,1,1,0,,,,,2
Michael Chavis,784.1,1,,1,1,,,-1,,2
Ian Happ,222.2,2,,,0,,,0,0,2
Isan Diaz,268,2,,,0,,,0,,2
Connor Joe,33,1,,,0,,,,1,2
Luke Weaver,62.1,2,0,,0,,,,,2
Yoan Lopez,55.1,2,0,,0,,,,,2
Matthew Boyd,171.1,-1,2,1,0,,,,,2
Kevin McCarthy,51,2,0,0,0,,,,,2
Jack Mayfield,136,1,,,1,,,0,,2
Adam Cimber,52.1,0,0,1,1,,,,,2
Steven Brault,100.1,3,-1,0,0,,,,,2
Masahiro Tanaka,167,1,1,0,0,,,,,2
Reese McGuire,160.1,,0,,0,1,1,,,2
Nick Wittgren,53.1,1,0,1,0,,,,,2
Austin Slater,323.2,5,,,-1,,,0,-2,2
Kyle Freeland,99.1,0,1,1,0,,,,,2
Yonny Chirinos,126.2,1,1,0,0,,,,,2
Carlos Correa,618.1,2,,,1,,,-1,,2
David Bote,684,2,,0,-1,,,1,0,2
Kyle Farmer,347,2,-1,,1,0,0,0,,2
Jon Gray,150,2,0,0,0,,,,,2
Eugenio Suarez,1171,2,,0,-1,,,1,,2
Derek Law,54.1,2,1,-1,0,,,,,2
Marco Hernandez,187,1,,,1,,,0,,2
Joey Rickard,353,6,,,-1,,,,-3,2
Stephen Piscotty,787,0,,,1,,,,1,2
Terrance Gore,132,3,,,0,,,,-1,2
John Gant,62.2,2,0,,0,,,,,2
Eric Stamets,118,2,,,0,,,0,,2
Rio Ruiz,763.2,0,,0,1,,,1,,2
Jared Hughes,60.2,2,0,,0,,,,,2
David Hale,37.1,1,1,,0,,,,,2
Chris Owings,371,2,0,,0,,,0,0,2
Max Stassi,357.1,,-2,,0,-2,6,0,,2
Ryan Goins,313.2,-1,,0,2,,,2,-1,2
Dustin Garneau,245.1,0,1,,0,1,0,0,,2
Andrew McCutchen,495.2,0,,,0,,,,2,2
Mike Leake,178.1,1,1,0,0,,,,,2
John Ryan Murphy,154,0,0,,2,0,0,,,2
Tyler Saladino,151,2,,,0,,,0,0,2
Marcus Semien,1291.1,8,,,-3,,,-3,,2
Cory Spangenberg,123,1,,,0,,,1,,2
Jerad Eickhoff,58.1,1,1,0,0,,,,,2
Will Harris,54.2,2,0,0,0,,,,,2
Martin Prado,369.2,2,,0,0,,,0,,2
Kristopher Negron,179.1,2,,,0,,,0,0,2
Tyler Chatwood,72.1,2,0,,0,,,,,2
Ben Zobrist,211.2,2,,,0,,,0,0,2
Craig Stammen,76,0,1,1,0,,,,,2
Matt Carpenter,803,3,,0,0,,,-1,,2
Yangervis Solarte,149.2,2,,,0,,,0,0,2
Jesse Chavez,78,1,1,0,0,,,,,2
Hernan Perez,455.2,2,0,,0,,,0,0,2
Avisail Garcia,806.1,4,,,-1,,,,-1,2
Martin Perez,147.2,1,-1,1,1,,,,,2
Julio Teheran,163.1,2,-1,1,0,,,,,2
Jake Odorizzi,147.1,-1,2,0,1,,,,,2
Blaine Hardy,44.1,1,1,0,0,,,,,2
Josh Rojas,176,0,,,0,,,0,2,2
Sheldon Neuse,57,2,,,0,,,0,,2
Shaun Anderson,91,1,1,0,0,,,,,2
Nicky Lopez,799.1,2,,,0,,,0,,2
Hector Velazquez,50.2,1,1,,0,,,,,2
Trevor Richards,131.1,1,1,0,0,,,,,2
Guillermo Heredia,496,3,,,-1,,,,0,2
Dillon Peters,56.2,1,1,0,0,,,,,2
Will Smith,311,,0,0,1,-1,2,,,2
Dakota Hudson,153.2,3,0,0,-1,,,,,2
Kenta Maeda,146,2,0,0,0,,,,,2
Trent Grisham,202.1,2,,,0,,,,0,2
Juan Soto,1173.1,6,,,0,,,,-4,2
Jose Suarez,71.1,0,1,0,1,,,,,2
Chris Paddack,129.2,0,1,0,0,,,,,1
Nico Hoerner,18.1,1,,,0,,,0,,1
Brendan McKay,39.1,1,0,0,0,,,,,1
Logan Allen,27.2,1,0,0,0,,,,,1
Alex Young,66.2,1,1,-1,0,,,,,1
Nick Anderson,58.2,1,0,0,0,,,,,1
Kyle Tucker,42,1,,,0,,,0,0,1
Jarlin Garcia,45.1,1,0,0,0,,,,,1
Dylan Moore,617.1,3,0,0,-2,,,-1,1,1
Matthew Festa,22.1,1,0,0,0,,,,,1
Abraham Toro-Hernandez,135,1,,,0,,,0,,1
Griffin Canning,90.1,0,0,1,0,,,,,1
Yordan Alvarez,66,0,,,0,,,,1,1
Geoff Hartlieb,29.1,0,1,0,0,,,,,1
Devin Smeltzer,40,0,1,,0,,,,,1
Bobby Wilson,127.2,,-1,0,1,0,1,,,1
Ian Kinsler,564,3,0,,-1,,,-1,,1
Joakim Soria,64,1,0,,0,,,,,1
Brad Brach,49.2,0,0,0,1,,,,,1
Carlos Carrasco,69,0,1,0,0,,,,,1
JB Shuck,113,-1,0,,2,,,,0,1
Andrew Miller,46,1,0,,0,,,,,1
Kyle Higashioka,93,,0,,0,0,1,,,1
Madison Bumgarner,188.2,3,-1,0,-1,,,,,1
Junior Guerra,77.1,2,-1,0,0,,,,,1
Pedro Baez,63.1,1,0,,0,,,,,1
Abraham Almonte,16,0,,,0,,,,1,1
Jose Alvarez,53.2,0,1,,0,,,,,1
Brad Peacock,88.2,1,0,0,0,,,,,1
Bryan Shaw,68.1,1,0,0,0,,,,,1
Marcus Walden,72,1,0,0,0,,,,,1
Justin Miller,15.2,0,1,,0,,,,,1
Homer Bailey,146,0,1,0,0,,,,,1
Brett Anderson,161,0,2,0,-1,,,,,1
Tony Sipp,21,1,0,,0,,,,,1
Ryan Pressly,50.1,1,0,,0,,,,,1
Yadier Molina,794.2,,0,1,2,-1,-1,0,,1
Mark Reynolds,235,2,0,-1,0,,,0,,1
Shawn Kelley,42.1,1,0,0,0,,,,,1
Jeremy Hellickson,39,2,-1,0,0,,,,,1
Daniel Murphy,825,1,,1,-1,,,0,,1
Jake Arrieta,135.2,1,0,0,0,,,,,1
Pat Neshek,18,1,0,,0,,,,,1
Derek Holland,80.1,1,0,0,0,,,,,1
Francisco Cervelli,289,0,1,1,-2,1,0,0,,1
Blake Parker,55,1,0,0,0,,,,,1
Giancarlo Stanton,63,1,,,0,,,,0,1
Clay Buchholz,42.1,1,0,,0,,,,,1
Liam Hendriks,76.1,0,1,0,0,,,,,1
Zack Britton,57.1,1,0,0,0,,,,,1
Charlie Culberson,223,2,0,,0,,,-1,0,1
Jhoulys Chacin,91.2,0,0,1,0,,,,,1
Carlos Santana,1069.2,2,,-1,0,,,0,,1
Rick Porcello,157.1,0,0,1,0,,,,,1
Ross Detwiler,54.1,0,1,0,0,,,,,1
Mitch Moreland,545,1,,1,-1,,,0,,1
Sonny Gray,157.1,1,-1,0,1,,,,,1
Mike Clevinger,99.1,0,1,0,0,,,,,1
Scott Schebler,199.2,3,,,-1,,,,-1,1
C.J. Cron,930,1,,2,-2,,,0,,1
Nick Martini,84,1,0,,0,,,,0,1
Brian Flynn,29.1,1,0,0,0,,,,,1
Kyle Hendricks,159.2,-1,2,0,0,,,,,1
Hanser Alberto,968.1,-2,0,0,-1,,,4,0,1
Jason Adam,14.2,1,0,,0,,,,,1
Taylor Cole,45.1,0,1,,0,,,,,1
Kyle Ryan,54.1,1,0,0,0,,,,,1
Drew Smyly,101.2,0,1,0,0,,,,,1
Hector Neris,62,1,0,,0,,,,,1
Tyler Austin,243.1,-2,,0,1,,,0,2,1
Jose Urena,77.2,1,0,0,0,,,,,1
Josh Osich,59.1,1,0,0,0,,,,,1
Jarrett Parker,34.1,1,,,0,,,,0,1
Carlos Martinez,41,0,0,1,0,,,,,1
Jesus Aguilar,561,0,,0,0,,,1,,1
Tommy Kahnle,55.1,1,0,,0,,,,,1
Jose Quintana,160.1,-1,2,0,0,,,,,1
Robbie Ray,156.1,2,0,-1,0,,,,,1
Michael A. Taylor,170.1,-2,,,1,,,,2,1
Rangel Ravelo,27.1,1,,,0,,,0,,1
Adam Kolarek,54,1,0,,0,,,0,,1
Grant Dayton,8.1,1,0,,0,,,,,1
Greg Garcia,566.2,1,,,0,,,0,0,1
Aaron Loup,3.1,1,0,,0,,,,,1
Wilfredo Tovar,207,0,,,0,,,1,,1
Ryan Weber,35.1,1,0,0,0,,,,,1
Tyler Skaggs,79.2,0,1,0,0,,,,,1
Kyle Gibson,149.1,0,1,0,0,,,,,1
Ryan Tepera,13.2,1,0,0,0,,,,,1
Jay Bruce,600,1,,,2,,,0,-2,1
Brandon Kintzler,54.1,0,0,0,1,,,,,1
Steve Pearce,165,0,,0,1,,,0,0,1
Joe Kelly,48.1,0,0,,1,,,,,1
Ryan Buchter,40.2,0,1,0,0,,,,,1
Josh Tomlin,72.1,1,0,0,0,,,,,1
Keon Broxton,526.2,3,,,-2,,,,0,1
Khris Davis,24,0,,,1,,,,0,1
Nathan Eovaldi,52.2,1,0,,0,,,,,1
Donovan Solano,395,1,,,1,,,-1,,1
Justin Verlander,200,2,-1,,0,,,,,1
Addison Russell,500,2,,,0,,,-1,,1
Alex Wood,35.2,0,0,1,0,,,,,1
Alec Mills,21.1,1,0,,0,,,,,1
Dominic Leone,35.2,0,0,1,0,,,,,1
Kyle Barraclough,28.1,0,1,,0,,,,,1
Clay Holmes,44.1,1,0,0,0,,,,,1
Mike Morin,43.2,0,0,1,0,,,,,1
Taylor Rogers,62.1,1,0,,0,,,,,1
Adrian Sampson,118,2,1,-1,-1,,,,,1
Luis Cessa,75.2,1,0,,0,,,,,1
Robel Garcia,117.2,0,,,0,,,1,0,1
Wei-Yin Chen,62,1,0,,0,,,,,1
Mikie Mahtook,59,2,,,-1,,,,0,1
Andrew Chafin,50,1,0,0,0,,,,,1
Colten Brewer,50,0,0,1,0,,,,,1
Michael Perez,125,0,-2,0,2,0,1,0,,1
Michael Lorenzen,109.2,2,-1,0,0,,,,0,1
Caleb Smith,133.2,1,0,0,0,,,,,1
Giovanny Gallegos,65.1,1,0,,0,,,,,1
Yu-Cheng Chang,119,1,,,0,,,0,,1
Jose Fernandez,3.2,1,0,,0,,,,,1
Austin Voth,27,0,1,,0,,,,,1
Dom Nunez,71,,0,0,1,0,0,,,1
Glenn Sparkman,117.2,0,1,,0,,,,,1
Mitch Garver,598.2,,-2,0,-2,5,0,0,,1
Josh VanMeter,385.2,2,,0,-1,,,0,0,1
Tim Locastro,405.2,3,,,-1,,,,-1,1
Ian Miller,9,0,,,0,,,,1,1
Jose Ruiz,36.1,0,1,0,0,,,,,1
Chi Chi Gonzalez,48,2,0,-1,0,,,,,1
Renato Nunez,219.1,1,,0,0,,,0,0,1
Adam Conley,57.1,0,0,1,0,,,,,1
Josh Hader,66,1,0,,0,,,,,1
Amir Garrett,53,2,-1,0,0,,,,,1
Ty Blach,27,1,0,,0,,,,,1
Mitch Haniger,539.1,4,,,0,,,,-3,1
Luis Guillorme,77.2,0,,,0,,,1,,1
Christian Arroyo,119,1,,0,0,,,0,,1
Alex Blandino,36,1,,,0,,,0,,1
Eric Skoglund,10,1,0,,0,,,,,1
Jace Fry,48.2,1,0,0,0,,,,,1
Tyler Rogers,8.1,1,0,,0,,,,,1
Yonathan Daza,155,1,,,-1,,,,1,1
Tyler Wade,198,0,,,0,,,1,0,1
Brad Keller,165.1,0,1,,0,,,,,1
Erick Mejia,9,1,,,0,,,,0,1
Austin Pruitt,42.2,1,0,0,0,,,,,1
Marco Gonzales,175,1,0,0,0,,,,,1
Antonio Senzatela,102.2,1,0,0,0,,,,,1
Raisel Iglesias,60.1,0,1,0,0,,,,,1
Magneuris Sierra,35,1,,,0,,,,0,1
Grayson Greiner,429,,-3,,1,1,2,,,1
Lane Thomas,81.2,0,,,0,,,,1,1
Yandy Diaz,554.2,1,,0,0,,,0,,1
Jeff Brigham,29.2,0,0,1,0,,,,,1
Nestor Cortes,62,1,0,,0,,,,,1
Trent Thornton,134.1,0,1,0,0,,,,,1
Brock Burke,23,1,0,0,0,,,,,1
Skye Bolt,14,1,,,0,,,,0,1
Kelvin Gutierrez,160.2,1,,,0,,,0,,1
Erick Fedde,73,0,0,1,0,,,,,1
Tanner Rainey,39,1,0,0,0,,,,,1
Taylor Clarke,71,0,1,,0,,,,,1
Dinelson Lamet,57,0,0,,0,,,,,0
Rogelio Armenteros,18,0,0,0,0,,,,,0
Kevin Kramer,9,0,,,0,,,0,0,0
Genesis Cabrera,14.2,0,0,,0,,,,,0
Diego Castillo,60,0,0,0,0,,,,,0
Wei-Chieh Huang,5.2,0,0,,0,,,,,0
Ryan Burr,19.2,0,0,,0,,,,,0
Andrew Moore,4.2,,0,,,,,,,0
Jimmy Herget,3.2,,0,,,,,,,0
Jordan Yamamoto,68.1,0,0,,0,,,,,0
Jeff Hoffman,51,0,0,0,0,,,,,0
Jonathan Hernandez,8.1,0,0,,,,,,,0
Willi Castro,118.1,2,,,-1,,,-1,,0
Luis Escobar,5.2,0,0,0,0,,,,,0
Josh Taylor,44,0,1,0,-1,,,,,0
Brett Martin,55,0,0,,0,,,,,0
Tyler Alexander,38.1,0,0,,0,,,,,0
J.T. Riddle,306.1,-3,,,2,,,0,1,0
Jeffrey Springs,28.1,0,0,,0,,,,,0
Pedro Araujo,0.2,0,0,,,,,,,0
Matt Beaty,450.2,1,,-1,0,,,0,0,0
Jose Alvarado,30,-1,0,1,0,,,,,0
Trey Wingenter,46.1,0,0,,0,,,,,0
Dillon Tate,14,0,0,,0,,,,,0
Braden Bishop,109.1,0,,,0,,,,0,0
Drew Jackson,8,0,,,0,,,,0,0
Daniel Zamora,7.2,0,0,,,,,,,0
Chris Shaw,5,,,0,0,,,0,,0
Sandy Baez,1,0,0,,,,,,,0
Adbert Alzolay,12.1,0,0,,0,,,,,0
Jose Rodriguez,11.2,,0,,0,,,,,0
Peter Lambert,81.1,-2,1,1,0,,,,,0
Sam Hilliard,66.2,0,,,0,,,,0,0
Logan Webb,18,0,0,0,0,,,,,0
Dennis Santana,5,,0,,,,,,,0
Andrew Stevenson,19,0,,,0,,,,0,0
Adonis Rosa,2,,,,0,,,,,0
James Bourque,0.2,0,0,,,,,,,0
Erik Swanson,51,0,0,,0,,,,,0
Jonathan Holder,41.1,0,0,,0,,,,,0
Bryan Abreu,3,0,0,,0,,,,,0
Kyle Bird,12.2,1,-1,,0,,,,,0
Harrison Musgrave,10,0,0,,0,,,,,0
Dan Altavilla,9.1,0,0,0,0,,,,,0
Ryan Yarbrough,128.1,1,1,-2,0,,,,,0
Ryan McBroom,42,0,,,0,,,0,0,0
Luis Ortiz,3.1,0,0,,0,,,,,0
Sean Newcomb,63,0,0,,0,,,,,0
Brock Stewart,19.2,0,0,,0,,,,,0
Brian O'Grady,37.2,0,,,0,,,0,0,0
Montana DuRapau,17.1,0,0,,0,,,,,0
Joshua James,55.1,1,-1,,0,,,,,0
Locke St. John,6.2,0,0,,0,,,,,0
Reed Garrett,15.1,0,0,,,,,,,0
Josh Fuentes,26,0,,,0,,,0,,0
Aaron Wilkerson,16,0,0,,0,,,,,0
Pablo Lopez,91,-1,1,,0,,,,,0
Sean Reid-Foley,31.2,0,0,,0,,,,,0
Joseph Palumbo,10.2,0,0,0,0,,,,,0
Trevor Williams,131.1,0,0,0,0,,,,,0
Daniel Mengden,58.2,0,0,0,0,,,,,0
Touki Toussaint,41.2,-1,1,0,0,,,,,0
Jefry Rodriguez,43.2,0,0,,0,,,,,0
Edmundo Sosa,2,0,,,,,,0,,0
Domingo German,136.2,-1,1,0,0,,,,,0
Chad Wallach,119,,0,,-1,0,1,,,0
Jose Castillo,0.2,,0,,,,,,,0
Gabe Speier,3,0,0,,0,,,,,0
Austin Davis,15,0,0,,0,,,,,0
Austin Brice,44.2,0,0,,0,,,,,0
Sam Coonrod,22.1,0,0,,0,,,,,0
Alex Jackson,36,,0,,0,0,0,,,0
Thomas Pannone,66.2,0,0,,0,,,,,0
Justus Sheffield,22.1,0,0,,0,,,,,0
Javier Guerra,1.2,0,0,,0,,,,,0
Framber Valdez,69.2,1,-1,,0,,,,,0
Aristides Aquino,311,0,,,-1,,,,1,0
Victor Reyes,416.1,1,,,0,,,,-1,0
Abiatal Avelino,14,0,,,0,,,0,0,0
Kohl Stewart,22.1,0,0,,0,,,,,0
Hunter Harvey,5.1,0,0,,0,,,,,0
Frank Schwindel,32,0,,,0,,,0,,0
Jose De Leon,3,0,0,,,,,,,0
Mike Mayers,16.2,0,0,,,,,,,0
Cole Sulser,2,0,0,,0,,,,,0
Aaron Slegers,3,,0,,,,,,,0
Cody Reed,6.1,0,0,,,,,,,0
Zac Reininger,23,0,0,,0,,,,,0
Keynan Middleton,3.2,0,0,,,,,,,0
Jacob Rhame,6.1,0,0,0,0,,,,,0
Dario Agrazal,58.1,0,0,0,0,,,,,0
Zack Littell,28,0,0,,0,,,,,0
Wander Suero,65,0,1,-1,0,,,,,0
Jimmy Cordero,26.2,0,0,,0,,,,,0
Raudy Read,1,,0,,0,0,0,,,0
Eric Yardley,3.2,0,0,0,0,,,,,0
Phillips Valdez,16,0,0,,0,,,,,0
Tyler White,431,0,0,-1,1,,,0,,0
Brandon Woodruff,117.2,0,0,0,0,,,,,0
Chandler Shepherd,7,0,0,,,,,,,0
Cy Sneed,21.1,0,0,,0,,,,,0
Daniel Ponce de Leon,45.2,0,0,,0,,,,,0
Mike Gerber,29.1,0,,,0,,,,0,0
Jordan Romano,9.1,0,0,,0,,,,,0
Chris Ellis,1,,0,,,,,,,0
John Curtiss,2.1,0,0,,0,,,,,0
Justin Shafer,33.1,0,0,,0,,,,,0
Kevin Cron,59.1,0,,0,0,,,0,,0
Kean Wong,17,0,,,0,,,0,0,0
Sean Manaea,12,0,0,,0,,,,,0
Odrisamer Despaigne,13.1,0,0,,0,,,,,0
Fernando Romero,9.2,0,0,,,,,,,0
Lewis Thorpe,18.2,0,0,,0,,,,,0
Victor Arano,4.2,,0,,,,,,,0
Aledmys Diaz,396.2,0,,,0,,,0,0,0
Michael Hermosillo,22,0,,,0,,,,0,0
Nick Ciuffo,16,,0,0,0,0,0,,,0
Jesus Tinoco,29.2,0,0,,0,,,,,0
Gerardo Reyes,17,0,0,0,0,,,,,0
Austen Williams,0.1,0,0,,,,,,,0
A.J. Reed,34,0,,0,0,,,0,,0
Sam Howard,12.2,0,0,0,0,,,,,0
John Means,131,-1,1,0,0,,,,,0
Alex McRae,20.1,0,0,,0,,,,,0
Ricardo Pinto,2.1,0,0,,0,,,,,0
Ryan Borucki,6.2,0,0,,,,,,,0
James Norwood,2,,0,,,,,,,0
Jacob Nottingham,5.2,,0,,0,0,0,0,,0
Matt Wotherspoon,4.2,0,0,,0,,,,,0
Tyler Mahle,113,0,0,0,0,,,,,0
Domingo Leyba,4.1,,,,0,,,0,,0
Richard Urena,117,0,0,,0,,,0,0,0
Wandy Peralta,34.1,0,0,0,0,,,,,0
Anthony Alford,18,0,,,0,,,,0,0
Joel Payamps,4,,0,,,,,,,0
Tyler Glasnow,50.1,1,-1,,0,,,,,0
Caleb Frare,2.2,,0,,,,,,,0
Ray Black,11.1,0,0,,0,,,,,0
Kyle Zimmer,14,0,0,,0,,,,,0
Andrew Velazquez,25,0,,,0,,,0,,0
Chris Mazza,11.2,0,0,,0,,,,,0
Matt Ramsey,1,,,,,,,,,0
Jake Cave,429,2,,,-1,,,,-1,0
Thyago Vieira,7,0,0,,0,,,,,0
Anthony Santander,692.1,-1,,,3,,,,-2,0
J.B. Wendelken,27.2,0,0,,0,,,,,0
Randy Rosario,10.2,0,0,,0,,,,,0
Yohander Mendez,2.1,,,,,,,,,0
Jandel Gustave,20,0,0,0,0,,,,,0
Dillon Maples,9.1,0,0,,0,,,,,0
Duane Underwood Jr.,5.2,0,0,,,,,,,0
Tzu-Wei Lin,51.1,0,,,0,,,0,,0
Luis Perdomo,63,-1,1,0,0,,,,,0
James Hoyt,2,,,,,,,,,0
Rowan Wick,28,0,0,,0,,,,,0
Keone Kela,23.2,0,0,,0,,,,,0
Anthony Banda,1,,0,,,,,,,0
Brady Lail,2.2,0,0,,0,,,,,0
Jimmie Sherfy,13,0,0,,0,,,,,0
Drew Anderson,6,0,0,,0,,,,,0
Jake Newberry,28,0,0,,0,,,,,0
Ryan Cordell,545,0,,,-1,,,,1,0
Tyler Bashlor,19,0,0,,,,,,,0
Jaime Schultz,5,0,0,,,,,,,0
Alex Reyes,3,,0,,,,,,,0
Taylor Williams,11.2,0,0,,0,,,,,0
Chase De Jong,1,,0,,,,,,,0
Tim Mayza,51.1,1,0,-1,0,,,,,0
Adam Engel,481,1,,,0,,,,-1,0
Luke Farrell,6,,0,,,,,,,0
Jonathan Davis,162,1,,,-1,,,,0,0
Joe Mantiply,3,0,0,,0,,,,,0
Ryan Eades,7,0,0,,,,,,,0
Franchy Cordero,40,0,,,0,,,,0,0
Tyler Olson,30.2,0,0,,0,,,,,0
Wes Parsons,27,0,0,0,0,,,,,0
Julio Urias,72.2,0,0,0,0,,,,,0
Emilio Pagan,62.2,0,0,,0,,,,,0
Victor Caratini,452.1,1,0,0,-1,-2,2,0,,0
Zach Green,36,0,,,0,,,0,,0
Tyler Webb,47,0,0,0,0,,,,,0
Rookie Davis,10.2,0,0,0,0,,,,,0
Nick Rumbelow,1.1,,0,,,,,,,0
Ben Lively,1,,0,,,,,,,0
Joe Ross,54,0,0,0,0,,,,,0
Gerrit Cole,184.1,0,0,0,0,,,,,0
Cam Gallagher,325,,-2,-1,1,0,2,,,0
Reymin Guduan,5.1,0,0,,,,,,,0
Jorge Polanco,1109,0,,,2,,,-2,,0
Hoby Milner,3.2,,0,,,,,,,0
Deven Marrero,11,0,,,0,,,0,,0
Jake Barrett,3.2,,0,,,,,,,0
James Pazos,1.1,0,0,,0,,,,,0
Jesse Hahn,2,0,0,,,,,,,0
Matt Carasiti,9.2,0,0,,0,,,,,0
Kyle Crick,49,1,-1,0,0,,,,,0
Zach Davies,141.1,1,1,-2,0,,,,,0
Orlando Arcia,1108.1,-1,,,1,,,0,,0
Adalberto Mejia,28,0,0,,0,,,,,0
Joe Biagini,63.2,0,0,,0,,,,,0
Lucas Sims,34.2,0,0,,0,,,,,0
Steven Matz,139.1,1,-1,0,0,,,,,0
Matt Koch,20.2,0,0,,0,,,,,0
Drew VerHagen,48.1,0,0,,0,,,,,0
Brady Rodgers,5,0,0,,,,,,,0
Dylan Floro,41,1,0,-1,0,,,,,0
Sam Selman,5.1,0,0,,,,,,,0
Tayler Scott,14.1,0,0,,0,,,,,0
Corey Oswalt,6.2,0,0,,,,,,,0
Josh D. Smith,8.1,0,0,,0,,,,,0
Jake Faria,15.1,0,0,,0,,,,,0
Sal Romano,8.2,0,0,,,,,,,0
Robert Stephenson,57.2,1,-1,,0,,,,,0
Patrick Wisdom,62,0,,,0,,,0,,0
Carl Edwards Jr.,17,0,0,,0,,,,,0
Brandon Brennan,40,1,-1,,0,,,,,0
Matt Bowman,24.1,1,-1,0,0,,,,,0
Richard Rodriguez,58,0,0,,0,,,,,0
Roberto Osuna,57,0,0,,0,,,,,0
Tyler Duffey,49.1,1,0,-1,0,,,,,0
Tomas Nido,294.2,,-1,0,0,1,0,,,0
Travis Jankowski,20,0,,,0,,,,0,0
Zach Eflin,140,0,0,0,0,,,,,0
Daniel Stumpf,28,0,0,,0,,,,,0
Matt Strahm,107.1,0,-1,1,0,,,,,0
Austin Adams,28.2,0,0,,0,,,,,0
Eric Haase,11,,0,,0,0,0,,,0
Paul Sewald,15,0,0,,,,,,,0
Chris Flexen,13.2,0,0,,0,,,,,0
Seth Mejias-Brean,3,0,,,0,,,0,,0
Scott Oberg,56,0,0,0,0,,,,,0
Brent Suter,6.1,0,0,,0,,,,,0
Tim Peterson,7.1,,0,,,,,,,0
Ryan Dull,10.1,0,0,0,0,,,,,0
Ryan Garton,3,,0,,0,,,,,0
Andrew Cashner,140.1,-2,2,0,0,,,,,0
Oliver Drake,44,0,1,-1,0,,,,,0
Ryan Lavarnway,41.2,,0,,0,0,0,,,0
Brad Hand,56.1,0,0,,0,,,,,0
Kirby Yates,58.2,0,0,0,0,,,,,0
Tim Melville,19.2,0,0,,0,,,,,0
Alex Wilson,11.1,0,0,,0,,,,,0
Chris Davis,712.2,1,,-1,0,,,0,0,0
Brock Holt,538.1,1,,,0,,,-1,0,0
Dan Straily,47.2,0,0,,0,,,,,0
Jeremy Jeffress,52,0,0,0,0,,,,,0
David Freese,264.1,0,,,0,,,0,,0
Brian Moran,3.1,0,0,0,0,,,,,0
Michael Blazek,5,,0,,,,,,,0
Justin Bour,308.2,0,,0,0,,,0,,0
Zac Rosscup,18,0,0,,0,,,,,0
Kyle Seager,759.2,-4,,1,2,,,1,,0
Steven Baron,1,,0,,0,0,0,,,0
Mike Minor,189.2,0,0,0,0,,,,,0
Mike Dunn,17.2,0,0,,0,,,,,0
Chris Rusin,1,,0,,,,,,,0
Erasmo Ramirez,3,0,0,0,0,,,,,0
Stephen Strasburg,185,0,-1,0,1,,,,,0
Brad Boxberger,26.2,0,0,,0,,,,,0
Mychal Givens,54.2,-1,0,,1,,,,,0
Adeiny Hechavarria,419.1,-3,,,1,,,2,,0
Rocky Gale,32,,0,,0,0,0,,,0
Jake Petricka,8,0,0,,0,,,,,0
Juan Minaya,27.2,0,0,,0,,,,,0
Rafael Ortega,155,1,,,0,,,,-1,0
Marcell Ozuna,951.1,0,,,-1,,,,1,0
Brooks Pounders,7.1,0,0,,0,,,,,0
Chasen Shreve,2,,0,,,,,,,0
Adam Duvall,183.2,-2,,,0,,,,2,0
Ryan O'Rourke,1.1,,0,,,,,,,0
Casey Sadler,42.2,0,0,0,0,,,,,0
Mike Freeman,368,0,,0,0,,,0,0,0
Aaron Barrett,1,,0,,,,,,,0
Jedd Gyorko,132.1,0,,0,0,,,0,,0
Ruben Alaniz,12.1,0,0,,0,,,,,0
Asher Wojciechowski,67,0,0,,0,,,,,0
David Freitas,9,,0,,0,0,0,,,0
Scott Alexander,17.1,0,0,,0,,,,,0
Tyler Thornburg,18.2,0,0,,0,,,,,0
Ryan LaMarre,2,0,,,,,,,,0
Aaron Sanchez,131.1,0,0,0,0,,,,,0
Christian Yelich,1093,1,,,-2,,,,1,0
Gary Sanchez,728.2,,2,-1,0,1,-2,,,0
Mark Canha,742.1,3,,-1,-2,,,0,0,0
Yasmani Grandal,1097.2,-1,-3,-1,0,-3,8,0,,0
Tyler Lyons,7,0,0,,0,,,,,0
Josh Lucas,15.2,0,0,,0,,,,,0
Nick Kingham,55.2,0,0,0,0,,,,,0
Heath Hembree,37.2,0,0,,0,,,,,0
Jameson Taillon,37.1,0,0,,0,,,,,0
Dovydas Neverauskas,9.1,0,0,,0,,,,,0
James Paxton,138.2,0,0,0,0,,,,,0
Drew Robinson,5.1,0,,,0,,,,0,0
Matt Harvey,59.2,0,0,0,0,,,,,0
Noel Cuevas,3,,,,,,,,,0
Felipe Vazquez,58,0,0,0,0,,,,,0
Yimi Garcia,59.1,0,0,,0,,,,,0
Parker Markel,15.1,0,0,,0,,,,,0
Drew Gagnon,22.2,0,0,,0,,,,,0
Chris Bassitt,136,1,-1,0,0,,,,,0
Jace Peterson,217.1,-1,,,0,,,0,1,0
Nick Tropeano,13.2,0,0,,0,,,,,0
Seth Lugo,71,0,0,0,0,,,,,0
Chasen Bradford,16.2,0,0,,0,,,,,0
Dan Winkler,21.2,0,0,,0,,,,,0
Aaron Brooks,95.2,1,-1,,0,,,,,0
Cody Allen,23,0,0,,,,,,,0
Jorge Bonifacio,41,1,,,0,,,,-1,0
Andrew Kittredge,41,-1,1,,0,,,,,0
Sean Gilmartin,2.1,0,0,,0,,,,,0
Burch Smith,15,0,0,,0,,,,,0
Cody Anderson,8.2,0,0,0,0,,,,,0
Anthony Rendon,1114.1,0,,2,-1,,,-1,,0
Matt Barnes,56.1,0,0,0,0,,,,,0
Danny Hultzen,1,,0,,,,,,,0
Alex Claudio,58.1,0,0,0,0,,,,,0
Jairo Diaz,48.1,0,0,,0,,,,,0
Brad Miller,223,1,,0,-1,,,-1,1,0
Nathan Karns,5.1,0,0,,0,,,,,0
Alex Dickerson,309,2,,,-1,,,,-1,0
Rafael Montero,23,0,0,,0,,,,,0
Roenis Elias,50,0,0,,0,,,,,0
Ryne Harper,50.2,0,0,,0,,,,,0
Nick Ramirez,71.1,1,-1,,0,,,,,0
D.J. Johnson,17,0,0,,0,,,,,0
Adam Morgan,29.2,0,0,,0,,,,,0
Luis Avilan,29,0,0,,0,,,,,0
Hector Rondon,55,0,0,,0,,,,,0
Ichiro Suzuki,10,0,,,0,,,,0,0
Marco Estrada,23.2,0,0,,0,,,,,0
Xavier Cedeno,2,0,0,,0,,,,,0
Jon Edwards,8,,0,,0,,,,,0
Oliver Perez,37.2,0,0,0,0,,,,,0
Ivan Nova,172.2,0,0,0,0,,,,,0
Miguel Cabrera,219,-1,,0,1,,,0,,0
Matt Moore,10,1,0,-1,0,,,,,0
Joe Smith,19.1,0,0,,0,,,,,0
Anibal Sanchez,147,1,-1,0,0,,,,,0
Hector Noesi,23,0,0,0,0,,,,,0
Ervin Santana,13.1,0,0,,0,,,,,0
David Price,107.1,0,0,,0,,,,,0
Tommy Pham,1011.1,-4,,,1,,,,3,0
Robinson Chirinos,894,,-1,0,9,-2,-6,,,0
Tim Collins,8.2,0,0,0,0,,,,,0
Danny Duffy,112.2,0,0,0,0,,,,,0
Tony Barnette,1.1,,0,,,,,,,0
Brian Schlitter,9.2,0,0,,0,,,,,0
Rene Rivera,24,,0,,0,0,0,,,0
Rajai Davis,19,0,,,0,,,,0,0
Darren O'Day,0.1,,,,,,,,,0
Zach Duke,23.1,1,-1,,0,,,,,0
Fernando Salas,2.2,0,0,,,,,,,0
Fernando Abad,8.2,0,0,,,,,,,0
Cameron Maybin,497.1,1,,,-1,,,,0,0
Wade LeBlanc,119.1,0,0,0,0,,,,,0
Brandon Crawford,1108,2,,,1,,,-3,,0
Sandy Leon,414.1,,-1,,-1,0,2,,,0
Gorkys Hernandez,25,-1,,,0,,,,1,0
Pedro Strop,35,-1,1,,0,,,,,0
Luke Gregerson,5.2,0,0,,0,,,,,0
David Hernandez,42.2,0,0,,0,,,,,0
Mark Melancon,61,0,0,,0,,,,,0
Matt Magill,45,0,0,,0,,,,,0
David Carpenter,3.1,0,0,,0,,,,,0
Allen Webster,11,0,0,,0,,,,,0
Hector Santiago,24.1,0,0,,0,,,,,0
Nate Jones,10.1,0,0,,0,,,,,0
Curtis Granderson,600,0,,,2,,,,-2,0
Matt Shoemaker,28.2,0,0,,0,,,,,0
Rich Hill,53,0,0,0,0,,,,,0
Brian McCann,622,,-2,1,-2,1,2,,,0
Ryan Zimmerman,274.2,0,,-1,1,,,0,,0
Jordan Zimmermann,99,1,-1,0,0,,,,,0
Gio Gonzalez,72.1,0,0,0,0,,,,,0
Anthony Swarzak,47,0,0,,0,,,,,0
Carlos Torres,6,0,0,,,,,,,0
Neil Ramirez,25,0,0,,0,,,,,0
Collin McHugh,74.2,0,0,0,0,,,,,0
Neil Walker,613,0,,-1,1,,,0,,0
Jake McGee,39,-1,1,,0,,,,,0
Nick Vincent,34.2,0,0,,0,,,,,0
Jordan Lyles,125.1,0,0,0,0,,,,,0
Caleb Joseph,79.2,,1,,-1,0,0,,,0
Pat Venditte,3.1,0,0,,0,,,,,0
Daniel Hudson,63,0,0,0,0,,,,,0
Jonny Venters,8,0,0,,0,,,,,0
J.A. Happ,146.1,0,0,,0,,,,,0
Austin Adams,16.2,0,0,,0,,,,,0
Jay Jackson,24.1,0,0,0,0,,,,,0
JC Ramirez,8,0,0,,0,,,,,0
Will Smith,60,0,0,0,0,,,,,0
Dan Jennings,4.2,0,0,,0,,,,,0
David Robertson,6.2,0,0,,0,,,,,0
Deolis Guerra,0.2,,0,,,,,,,0
Ehire Adrianza,507.1,-2,0,-1,2,,,0,1,0
Buddy Boshers,13.2,0,0,,,,,,,0
Tim Federowicz,200.1,,0,,0,-1,1,,,0
Kendrys Morales,271.1,1,0,0,-1,,,0,,0
Anthony Bass,41.2,0,0,,0,,,,,0
Steven Wright,6.1,0,0,,0,,,,,0
Josh Harrison,305.2,1,,,0,,,-1,,0
Hunter Strickland,17.2,0,0,,0,,,,,0
Tyson Ross,35.1,0,0,0,0,,,,,0
Ryan Flaherty,11,0,,,0,,,0,,0
Pablo Sandoval,472.2,-1,0,0,2,,,-1,,0
Arodys Vizcaino,4,,0,,,,,,,0
Corban Joseph,105,0,,,0,,,0,,0
Juan Graterol,37.1,,0,0,0,0,0,,,0
Danny Salazar,4,,0,,,,,,,0
Ryan Brasier,49.1,0,0,0,0,,,,,0
Jose Pirela,17.2,0,,,0,,,,0,0
Alex Cobb,12.1,0,0,,0,,,,,0
Craig Kimbrel,19,0,0,,0,,,,,0
Alex Colome,54,0,0,,0,,,,,0
Johnny Cueto,5,0,0,,0,,,,,0
Sam Freeman,2,,0,,,,,,,0
Chris Archer,119.2,0,0,0,0,,,,,0
Adam Jones,952,3,,,0,,,,-3,0
Robert Stock,10.2,0,0,,0,,,,,0
Jose Cisnero,29.1,0,0,,0,,,,,0
Jim Adduci,8,0,,,0,,,,0,0
Steve Cishek,59.2,0,0,0,0,,,,,0
Michael Shawaryn,15.1,0,0,,0,,,,,0
Aaron Civale,46.2,0,0,,0,,,,,0
Andrew Vasquez,0,,,,,,,,,0
Stephen Nogosek,6.2,0,0,,0,,,,,0
J. D. Hammer,19,0,0,,0,,,,,0
Cionel Perez,9,0,0,,0,,,,,0
Jordan Hicks,28.2,0,0,,0,,,,,0
David Bednar,3.2,,0,,,,,,,0
Kevin Ginkel,17.1,0,0,,0,,,,,0
Corbin Martin,19.1,0,0,,0,,,,,0
Darwinzon Hernandez,29,0,0,0,0,,,,,0
Eduardo Jimenez,10.2,0,0,,0,,,,,0
Kyle Wright,16.2,0,0,,0,,,,,0
James Marvel,5,,0,,0,,,,,0
Dustin May,25.2,0,0,,0,,,,,0
Richard Lovelady,20,0,0,0,0,,,,,0
Bryan Garcia,2,0,0,,0,,,,,0
Patrick Sandoval,29,0,0,0,0,,,,,0
Jake Rogers,230.1,,1,0,-1,1,-1,,,0
A.J. Puk,5.1,0,0,,,,,,,0
Caleb Ferguson,40,0,0,0,0,,,,,0
Sean Murphy,30,,0,,0,0,0,,,0
Corbin Burnes,46,0,0,0,0,,,,,0
Austin Hays,12,0,,,0,,,,0,0
Reggie McClain,16,0,0,,0,,,,,0
Cal Quantrill,95,-1,0,1,0,,,,,0
Donnie Walton,1,,,,,,,0,,0
Edgar Garcia,32,0,0,,0,,,,,0
Kyle Dowdy,22.1,0,0,0,0,,,,,0
Randy Arozarena,29,0,,,0,,,,0,0
Zac Gallen,74.1,-1,1,,0,,,,,0
Seranthony Dominguez,24.2,0,0,0,0,,,,,0
Gerson Bautista,9,0,0,,,,,,,0
T.J. Zeuch,8.1,0,0,,0,,,,,0
Kyle Garlick,81.2,1,,,0,,,,-1,0
Garrett Stubbs,74.2,1,1,,-1,0,-1,,0,0
Matt Hall,16.2,0,0,,,,,,,0
Austin Allen,116,0,0,0,0,0,0,0,,0
Cody Stashak,18.1,0,0,,0,,,,,0
LaMonte Wade,48,0,,,0,,,,0,0
Chance Adams,24,0,0,,0,,,,,0
Ryan Helsley,29.2,0,0,0,0,,,,,0
Nick Dini,100.2,,1,0,0,0,-1,,,0
Zac Grotz,11.2,0,0,,0,,,,,0
Tyler Kinley,44.1,0,0,0,0,,,,,0
Andrew Suarez,26.1,0,0,,0,,,,,0
Jacob Waguespack,63.1,0,0,,0,,,,,0
Josh Sborz,5,0,0,,0,,,,,0
Taylor Hearn,0.1,0,0,,,,,,,0
Carson Fulmer,21.2,0,0,,,,,,,0
Pedro Payano,22,0,0,,0,,,,,0
Dansby Swanson,959,0,,,0,,,0,,0
Jaime Barria,70.1,0,0,0,0,,,,,0
Josh Staumont,16.1,0,0,,0,,,,,0
Tom Eshelman,36,0,0,,0,,,,,0
Bobby Poyner,6,0,0,,0,,,,,0
Enyel De Los Santos,11,0,0,,,,,,,0
Jose Urquidy,27,0,0,,0,,,,,0
Trevor Kelley,3,,0,,,,,,,0
Junior Fernandez,7.1,,0,,0,,,,,0
Seunghwan Oh,18.1,0,0,,0,,,,,0
Travis Bergen,19.2,0,0,,0,,,,,0
Travis Lakins,18.1,0,0,,0,,,,,0
Jared Walsh,101.1,1,0,,0,,,-1,,0
Conner Menez,14,0,0,,0,,,,,0
Jose Quijada,26,0,0,0,0,,,,,0
Pedro Avila,5.1,0,0,,0,,,,,0
Robert Dugger,21,0,0,,0,,,,,0
Miguel Del Pozo,7.1,0,0,0,0,,,,,0
Drew Steckenrider,14.1,0,0,,0,,,,,0
Miguel Diaz,6.1,0,0,,,,,,,0
Seby Zavala,23,,0,0,0,0,0,,,0
Danny Mendick,27,0,,,0,,,0,,0
Kyle Keller,6.2,,0,,,,,,,0
Yennsy Diaz,0.2,0,0,,0,,,,,0
Brusdar Graterol,2,0,0,,0,,,,,0
Andres Munoz,22.1,0,0,,0,,,,,0
Anthony Kay,5.2,0,0,,,,,,,0
Nick Margevicius,56,1,-1,,0,,,,,0
Huascar Ynoa,3,0,0,,0,,,,,0
Elvis Luciano,27.2,0,0,,0,,,,,0
Jeremy Walker,7.2,0,0,,0,,,,,0
Bryse Wilson,20,0,0,0,0,,,,,0
Joel Kuhnel,6.1,0,0,,,,,,,0
John Schreiber,5.1,0,0,,0,,,,,0
Rico Garcia,5,0,0,,,,,,,0
Phillip Diehl,2,0,0,,,,,,,0
Adrian Morejon,8,0,0,,0,,,,,0
Ronald Bolanos,11,0,0,,0,,,,,0
David McKay,20,0,0,,0,,,,,0
Michel Baez,20.2,0,0,0,0,,,,,0
Gavin Lux,61,0,,,0,,,0,,0
Emmanuel Clase,17.1,-1,0,,0,,,,,-1
Randy Dobnak,11,-1,0,,0,,,,,-1
Kolby Allard,33.1,-1,0,,0,,,,,-1
Josh Rogers,14.1,-1,0,,,,,,,-1
Edwin Rios,72.2,-1,,0,0,,,0,,-1
Taylor Guilbeau,8,-1,0,0,0,,,,,-1
Tanner Anderson,22.1,-1,0,,0,,,,,-1
Phil Maton,33.2,-1,0,,0,,,,,-1
Jacob Webb,32.1,-1,0,,0,,,,,-1
Cole Irvin,32.2,-2,0,0,1,,,,,-1
Nick Senzel,801,-2,,,-1,,,0,2,-1
Eric Lauer,136.2,-2,1,0,0,,,,,-1
Walker Buehler,166.1,-1,0,0,0,,,,,-1
Tony Gonsolin,32,0,-1,,0,,,,,-1
Shane Bieber,195.2,-1,1,-1,0,,,,,-1
Jake Noll,17,-1,,,0,,,0,,-1
Jonathan Loaisiga,23.2,0,-1,,0,,,,,-1
Yoshihisa Hirano,46,-1,0,,0,,,,,-1
Sean Poppen,8.1,-1,0,,,,,,,-1
Jaylin Davis,39.2,0,,,0,,,,-1,-1
Nathaniel Lowe,144.1,-1,,0,0,,,0,,-1
Jon Duplantier,27.2,-1,0,,0,,,,,-1
Kyle Lewis,9,-1,,,0,,,,0,-1
Sean Rodriguez,216.2,1,0,0,-1,,,0,-1,-1
Trevor May,56.1,0,-1,,0,,,,,-1
Trevor Cahill,97,0,-1,0,0,,,,,-1
David Phelps,28.1,-1,0,,0,,,,,-1
Ryan Feierabend,5.2,-1,0,,0,,,,,-1
Chase Anderson,124,0,-1,0,0,,,,,-1
Kelvin Herrera,43.2,0,-1,0,0,,,,,-1
Ruben Tejada,24,-1,,,0,,,0,,-1
Jesus Sucre,150,0,1,,0,0,-2,0,,-1
Austin Romine,478.1,0,0,,0,-1,0,,,-1
Manny Banuelos,46.2,-1,0,,0,,,,,-1
Cory Gearrin,49.2,1,-2,,0,,,,,-1
Jerry Blevins,28,0,-1,,0,,,,,-1
Jason Vargas,135.2,-1,-1,0,1,,,,,-1
Jake Elmore,27.1,-1,,,0,,,0,0,-1
Dan Otero,26.2,-1,0,,0,,,,,-1
Javy Guerra,60.2,-1,0,0,0,,,,,-1
Ian Kennedy,57.1,-2,0,1,0,,,,,-1
Greg Holland,35.2,0,0,0,-1,,,,,-1
Tommy Milone,97.2,-1,0,0,0,,,,,-1
Wily Peralta,40.1,-1,0,,0,,,,,-1
Mike Fiers,170,0,-1,0,0,,,,,-1
Erik Kratz,130,,0,0,-1,0,0,,,-1
Felix Hernandez,54.1,0,0,-1,0,,,,,-1
Yusmeiro Petit,74.1,-1,0,0,0,,,,,-1
Edinson Volquez,10.2,-1,0,,0,,,,,-1
Matt Wieters,378.2,,2,0,1,1,-5,,,-1
Aaron Hicks,499.1,0,,,0,,,,-1,-1
Wilkin Castillo,18,,0,-1,0,0,0,,,-1
Cole Hamels,130,0,-1,0,0,,,,,-1
Jake Diekman,56,-1,0,0,0,,,,,-1
Ender Inciarte,491,1,,,0,,,,-2,-1
Mike Montgomery,77.1,-1,1,0,-1,,,,,-1
Matt Joyce,194,-3,,,1,,,,1,-1
Ryan Braun,814.2,-3,,,1,,,,1,-1
Drew Butera,58,0,0,0,0,0,-1,0,,-1
Eric Thames,718,0,,1,-2,,,0,0,-1
Troy Tulowitzki,30,-1,,,0,,,0,,-1
Fernando Rodney,39,-1,0,,0,,,,,-1
Sean Doolittle,55,-1,0,,,,,,,-1
Tommy Hunter,5.1,-1,0,,0,,,,,-1
Lucas Duda,137.2,-1,,0,0,,,0,,-1
Lance Lynn,188.2,-1,0,0,0,,,,,-1
Yonder Alonso,260,-1,,,0,,,0,,-1
Kenley Jansen,54.2,1,-2,,0,,,,,-1
Tony Watson,54,-1,0,0,0,,,,,-1
Mike Wright Jr.,29.1,-2,1,,0,,,,,-1
Ryan Carpenter,40.2,0,0,-1,0,,,,,-1
Trevor Bauer,198,1,-1,-1,0,,,,,-1
Adrian Houser,95.1,0,-1,,0,,,,,-1
Chris Devenski,63,0,-1,0,0,,,,,-1
John Brebbia,66.1,-1,0,,0,,,,,-1
Tyler Anderson,20.2,-1,0,0,0,,,,,-1
Noe Ramirez,58.2,-1,0,,0,,,,,-1
Matt Wisler,48.2,0,0,-1,0,,,,,-1
Taylor Davis,44.1,0,-1,,0,0,0,0,,-1
Evan Marshall,42,-1,0,0,0,,,,,-1
Ryan Court,59.1,-1,,,0,,,0,0,-1
Kevin Pillar,1249,1,,,0,,,,-2,-1
Jacob Barnes,27.1,-1,0,,0,,,,,-1
Blake Treinen,57.1,-1,-1,1,0,,,,,-1
Matt Skole,61,-1,,,0,,,0,,-1
Jon Berti,421.2,-2,,0,1,,,0,0,-1
Michael Feliz,50.2,0,0,-1,0,,,,,-1
Leonys Martin,565.1,2,,,-2,,,,-1,-1
Chris Martin,51.1,-1,0,,0,,,,,-1
Mason Williams,41,-1,,,0,,,,0,-1
Brandon Drury,897,1,,-1,0,,,0,-1,-1
Sam Dyson,62.1,-1,0,0,0,,,,,-1
Tayron Guerrero,42,-1,0,,0,,,,,-1
Adrian Sanchez,28.2,-1,,,0,,,0,,-1
Drew Pomeranz,95.1,0,0,-1,0,,,,,-1
Brandon Workman,63,0,-1,0,0,,,,,-1
A.J. Cole,26,-1,0,,0,,,,,-1
Trevor Rosenthal,15.1,-1,0,,0,,,,,-1
Chris Sale,147.1,-1,0,0,0,,,,,-1
Chad Bettis,63.2,-1,0,0,0,,,,,-1
Mike Foltynewicz,99,-1,0,0,0,,,,,-1
Jonathan Schoop,886,-1,,,1,,,-1,,-1
Aaron Altherr,128.1,-1,0,,0,,,,0,-1
Adam Eaton,1070.2,2,,,-3,,,,0,-1
Robbie Erlin,50.2,-1,0,0,0,,,,,-1
Scooter Gennett,275.1,-1,,,0,,,0,,-1
Derek Dietrich,528.2,-1,,0,0,,,0,0,-1
Jimmy Nelson,16.1,-1,0,,0,,,,,-1
Danny Santana,866.2,-2,,0,-1,,,1,1,-1
Brandon Belt,1118.1,-2,,3,-1,,,0,-1,-1
Sergio Romo,55.2,-1,0,,0,,,,,-1
Logan Morrison,14,-1,,,0,,,0,,-1
Adam Warren,28.2,-1,0,0,0,,,,,-1
Jeanmar Gomez,15.1,-1,0,,,,,,,-1
Michael Wacha,116,-1,1,0,-1,,,,,-1
Branden Kline,35.1,-1,0,,0,,,,,-1
Anthony Bemboom,105.1,,1,,-2,0,0,,,-1
Walker Lockett,19.1,0,0,,-1,,,,,-1
JT Chargois,21.1,0,-1,,0,,,,,-1
Daniel Norris,135.1,0,0,-1,0,,,,,-1
Connor Sadzeck,23.2,-1,0,,0,,,,,-1
Sam Tuivailala,17,-1,0,,0,,,,,-1
Blake Snell,101,-2,1,0,0,,,,,-1
Roman Quinn,238.2,-2,0,,0,,,,1,-1
Taylor Guerrieri,22,-1,0,,0,,,,,-1
Robert Gsellman,63.2,-1,0,0,0,,,,,-1
Nick Goody,36.2,-1,0,,0,,,,,-1
Felix Pena,96.1,0,0,-1,0,,,,,-1
Bubba Starling,362.2,-3,,,1,,,,1,-1
Cam Bedrosian,61.1,-1,0,,0,,,,,-1
Michael Reed,19,-1,,,0,,,,0,-1
Jake Lamb,356.1,-2,,0,1,,,0,,-1
Eduardo Rodriguez,178.2,-1,1,,-1,,,,,-1
Robby Scott,4.2,-1,0,,0,,,,,-1
Anthony DeSclafani,148.2,0,-1,0,0,,,,,-1
Archie Bradley,64.2,-1,0,,0,,,,,-1
Alen Hanson,103,-1,,,0,,,0,0,-1
Jose Osuna,373.2,1,0,0,-1,,,0,-1,-1
Gabriel Ynoa,96.1,-1,0,,0,,,,,-1
Socrates Brito,101.2,-1,,,0,,,,0,-1
Scott Barlow,60.2,0,0,-1,0,,,,,-1
Yacksel Rios,7,0,0,-1,0,,,,,-1
Ty Buttrey,64.1,0,-1,,0,,,,,-1
Paul Blackburn,9,0,-1,0,0,,,,,-1
Hunter Wood,40.2,-1,0,,0,,,,,-1
Victor Alcantara,39,-1,0,0,0,,,,,-1
Yency Almonte,27.2,-1,0,,0,,,,,-1
Kyle McGowin,16,0,0,-1,0,,,,,-1
Trevor Gott,52.2,-2,0,1,0,,,,,-1
Jimmy Yacabonis,41,-1,0,,0,,,,,-1
Dereck Rodriguez,92,-1,0,,0,,,,,-1
Jorge Lopez,104,0,0,0,-1,,,,,-1
Carlos Estevez,66,0,0,,-1,,,,,-1
Greg Bird,85.1,0,,,-1,,,0,,-1
Brian Johnson,34,-1,0,,0,,,,,-1
Williams Jerez,6.2,-1,0,,0,,,,,-1
Nick Williams,169.2,-2,,,-1,,,,2,-1
Jordan Luplow,459,-2,,,1,,,,0,-1
Reynaldo Lopez,162,0,-1,0,0,,,,,-1
Joe Harvey,11,0,-1,,0,,,,,-1
Kyle Schwarber,1022.2,-6,0,,1,0,0,,4,-1
Aaron Bummer,58,-1,0,0,0,,,,,-1
Austin Nola,444.2,-2,0,-1,1,0,0,1,0,-1
Stefan Crichton,23.1,-1,0,,0,,,,,-1
Nick Burdi,8.2,-1,0,,,,,,,-1
Edubray Ramos,14,-1,0,0,0,,,,,-1
Carlos Rodon,34.2,0,-1,,0,,,,,-1
David Hess,77,0,0,-1,0,,,,,-1
Derek Fisher,298.2,1,,,-1,,,,-1,-1
Justin Anderson,41.2,0,0,-1,0,,,,,-1
Mike Ford,184,0,0,,-1,,,0,,-1
Chad Green,60.2,-1,0,,0,,,,,-1
Rowdy Tellez,394,-2,,0,1,,,0,,-1
Billy McKinney,494,0,,,-1,,,0,0,-1
Yefry Ramirez,19,0,0,-1,0,,,,,-1
Devin Williams,9,-1,0,,0,,,,,-1
Joe Jimenez,53.2,-1,0,,0,,,,,-1
Stephen Tarpley,19.2,-1,0,,0,,,,,-1
Tyler O'Neill,273,-1,,,0,,,,0,-1
Adam Plutko,93.1,0,0,-1,0,,,,,-1
Austin Wynns,120.1,,0,,0,0,-1,,,-1
Shane Carle,9.1,-1,0,,0,,,,,-1
Donnie Hart,7.2,-1,0,,0,,,,,-1
Andrew Heaney,81.2,-1,0,,0,,,,,-1
Elieser Hernandez,77.1,0,0,0,-1,,,,,-1
Tyler Beede,101.1,-1,0,0,0,,,,,-1
Trevor Hildenberger,14.1,0,-1,,0,,,,,-1
Aramis Garcia,63,0,0,0,-1,0,0,0,,-1
Jose Trevino,176.2,,0,0,0,0,-1,,,-1
Cedric Mullins II,164,1,,,-1,,,,-1,-1
Andrew Benintendi,1108.2,-6,,,2,,,,3,-1
Peter Fairbanks,14,-1,0,,0,,,,,-1
Ty France,334.2,1,0,0,-1,,,-1,,-1
Ian Gibaut,10.1,-1,0,,0,,,,,-1
Evan Phillips,22,-1,0,0,0,,,,,-1
Bobby Bradley,37,0,,,-1,,,0,,-1
Heath Fillmyer,17,-1,0,,0,,,,,-1
Chad Sobotka,27.1,0,-1,,,,,,,-1
Mitch Keller,38,0,0,-1,0,,,,,-1
Tanner Scott,20.1,-2,0,,0,,,,,-2
Cole Tucker,281.2,-2,,,0,,,0,,-2
Christin Stewart,671.2,1,,,1,,,,-4,-2
D.J. Stewart,191.2,-2,,,0,,,,0,-2
Mark Zagunis,47,-2,,,0,,,,0,-2
Jake Jewell,19.2,-1,-1,,0,,,,,-2
Tim Hill,31,-1,0,-1,0,,,,,-2
Ariel Jurado,116.2,-1,0,-1,0,,,,,-2
Paul Fry,51.2,-2,0,,0,,,,,-2
Dominic Smith,340,-1,,0,0,,,0,-1,-2
Franklin Barreto,132.2,-1,,,-1,,,0,,-2
Willians Astudillo,325.1,-1,0,-1,1,0,-1,0,0,-2
Spencer Turnbull,127,-1,-1,0,0,,,,,-2
Miguel Andujar,33,-2,,,0,,,0,,-2
Ryne Stanek,67,-1,-1,0,0,,,,,-2
Sam Travis,238,-2,,,0,,,0,0,-2
Michael Conforto,1144.1,-2,,,-2,,,,2,-2
Brad Wieck,28,-1,0,,-1,,,,,-2
Francisco Mejia,441.1,0,0,-1,1,-3,1,,0,-2
Thairo Estrada,147,-2,,,0,,,0,0,-2
Frankie Montas,90,-1,0,,-1,,,,,-2
Luke Bard,38.1,-1,-1,,0,,,,,-2
Raimel Tapia,773.2,0,,,0,,,,-2,-2
Lewis Brinson,466.1,-3,,,-1,,,,2,-2
Jose Berrios,181,-2,-1,1,0,,,,,-2
Jose Leclerc,61.2,-1,-1,0,0,,,,,-2
Dawel Lugo,496.1,-1,,0,0,,,-1,,-2
Max Moroff,85,-2,,,0,,,0,,-2
Lou Trivino,59,-1,-1,,0,,,,,-2
Buck Farmer,59,-1,0,-1,0,,,,,-2
Zack Godley,92,0,0,-1,-1,,,,,-2
Reyes Moronta,56.2,-1,-1,,0,,,,,-2
Andrew Knapp,240.1,0,-1,0,-1,1,-1,0,,-2
Pat Valaika,113.1,-2,,,0,,,0,,-2
Ken Giles,46,-1,-1,0,0,,,,,-2
Dylan Bundy,144,-1,-1,0,0,,,,,-2
Nicky Delmonico,143,-2,,,0,,,0,0,-2
Humberto Arteaga,271.1,-1,0,,0,,,-1,,-2
Matt Duffy,280,-1,,0,0,,,-1,,-2
Tanner Roark,152.2,0,-1,0,-1,,,,,-2
Wade Miley,156.1,-2,1,-1,0,,,,,-2
Chris Herrmann,209,0,-1,0,0,0,-1,,0,-2
Aroldis Chapman,53.2,0,-1,0,-1,,,,,-2
Zack Wheeler,173.1,-1,0,-1,0,,,,,-2
Mike Trout,1051.2,-3,,,0,,,,1,-2
Shelby Miller,44,-1,-1,,0,,,,,-2
Whit Merrifield,1199.1,-1,,0,-1,,,1,-1,-2
Josh A. Smith,29,-1,-1,,0,,,,,-2
Shane Greene,56.1,-1,0,-1,0,,,,,-2
Matt Grace,46.2,-1,0,-1,0,,,,,-2
Jesse Biddle,28,-1,0,-1,0,,,,,-2
Hansel Robles,65.1,-2,0,0,0,,,,,-2
Yadiel Rivera,134.2,-2,,0,0,,,0,0,-2
Ronny Rodriguez,521.1,1,,0,-3,,,0,,-2
Matt Andriese,60.2,-1,-1,0,0,,,,,-2
Beau Taylor,75,,0,,-2,0,0,,,-2
Maikel Franco,833,-3,,1,0,,,0,,-2
Sam Gaviglio,88.2,-2,1,-1,0,,,,,-2
Breyvic Valera,87,-2,,,0,,,0,,-2
Max Scherzer,154.2,-1,-1,,0,,,,,-2
Corey Kluber,35.2,-2,0,,0,,,,,-2
Albert Pujols,809.2,-3,,0,1,,,0,,-2
Edwin Jackson,59,-2,0,,0,,,,,-2
Edwin Encarnacion,490,-2,,-1,1,,,0,,-2
Jeff Mathis,651.1,0,-2,0,0,3,-3,,,-2
Nick Hundley,195.1,,0,0,-1,0,-1,,,-2
Carlos Gomez,210.2,-2,,,-1,,,,1,-2
Mike Moustakas,1030.1,-3,,0,1,,,0,,-2
Asdrubal Cabrera,971,-1,,-1,-1,,,1,,-2
Jeurys Familia,51,-2,0,,0,,,,,-2
Alex Gordon,1146.1,-4,0,,3,,,,-1,-2
Isaac Galloway,111.1,-1,,,0,,,,-1,-2
Wilmer Font,72,-1,-1,,0,,,,,-2
Dexter Fowler,980,2,,,-2,,,,-2,-2
Starlin Castro,1245.2,-1,,0,0,,,-1,,-2
Richard Bleier,44,-1,-1,0,0,,,,,-2
Wade Davis,42.1,0,-2,,0,,,,,-2
Dustin Pedroia,28,-2,,,0,,,0,,-2
Ji-Man Choi,743,-3,,0,1,,,0,,-2
Leury Garcia,1072.1,-8,,,1,,,1,4,-2
Tyler Clippard,56.2,-2,0,0,0,,,,,-2
Andrew Knizner,112,,1,0,0,0,-3,0,,-2
Fernando Tatis Jr.,731.1,-1,,,-1,,,0,,-2
Colin Poche,44.1,0,-1,0,-1,,,,,-2
Dylan Cease,62,-1,0,,-1,,,,,-2
A.J. Minter,29.1,-1,-1,0,0,,,,,-2
Freddy Peralta,78.2,-2,0,0,0,,,,,-2
Sandy Alcantara,171.2,-1,-1,0,0,,,,,-2
Zack Collins,54,0,0,,-1,0,-1,0,,-2
Josh Naylor,364,-3,,,-2,,,,3,-2
Yusei Kikuchi,149.1,0,0,-2,0,,,,,-2
Lourdes Gurriel Jr.,608.1,-6,,,1,,,0,2,-3
Nick Solak,66,-3,,0,0,,,0,,-3
Cavan Biggio,687.1,-3,,,0,,,0,0,-3
Gregory Soto,51,-3,0,,0,,,,,-3
Michael Brosseau,298,-3,0,0,0,,,0,0,-3
Vladimir Guerrero Jr.,726.1,-3,,1,-1,,,0,,-3
Wilmer Flores,418.2,-3,,0,0,,,0,,-3
Matt Kemp,124,-1,,,-1,,,,-1,-3
Michael Pineda,146,-2,-1,0,0,,,,,-3
Juan Lagares,639,-3,,,-2,,,,2,-3
Jose Altuve,905.2,-1,,,0,,,-2,,-3
Luis Garcia,56.1,-1,0,-2,0,,,,,-3
Daniel Descalso,298.2,-4,,0,0,,,1,,-3
Eric Sogard,692.2,3,,,-1,,,-4,-1,-3
Logan Forsythe,767,-2,,0,-1,,,0,,-3
Juan Nicasio,45.2,-1,-1,-1,0,,,,,-3
Howie Kendrick,530.1,-3,,0,0,,,0,,-3
Charlie Morton,176.1,-4,1,0,0,,,,,-3
Matt Albers,57.2,-2,-1,0,0,,,,,-3
Justin Wilson,34,-2,-1,0,0,,,,,-3
Stephen Vogt,428,0,-1,0,1,-1,-2,0,0,-3
Jon Lester,155.2,-3,0,,0,,,,,-3
Eric Hosmer,1233.1,0,,-1,-2,,,0,,-3
Jeff Samardzija,163,-2,-1,,0,,,,,-3
Adam Ottavino,62.1,-1,-2,,0,,,,,-3
Jorge Alfaro,865.2,,2,0,-2,-5,2,,,-3
Miguel Sano,743,-4,,-1,2,,,0,,-3
John Hicks,668.1,0,2,0,0,0,-5,0,,-3
Joe Panik,929.1,0,,,0,,,-3,,-3
Luke Jackson,65.2,-2,0,-1,0,,,,,-3
Odubel Herrera,286.2,-2,,,0,,,,-1,-3
Phil Gosselin,60.2,-2,,,0,,,0,-1,-3
Jacob deGrom,183,-2,-2,0,1,,,,,-3
Gordon Beckham,490,-4,,0,0,,,1,,-3
Chaz Roe,47.2,-1,-2,,0,,,,,-3
Jakob Junis,172.2,-2,-1,0,0,,,,,-3
Yu Darvish,157.1,0,-3,,0,,,,,-3
Brandon Nimmo,354,0,,,-1,,,,-2,-3
Ildemaro Vargas,336,-4,,,0,,,1,0,-3
Dylan Covey,55,-1,-1,-1,0,,,,,-3
Edwin Diaz,53,-1,-2,,0,,,,,-3
Scott Heineman,133,-3,,,0,,,0,0,-3
Harold Ramirez,791,2,,,1,,,,-6,-3
Jason Martin,90.2,-1,,,-1,,,,-1,-3
Ryan O'Hearn,684.1,-2,,,-1,,,0,0,-3
Rhys Hoskins,1246.1,-4,,2,-1,,,0,,-3
Pablo Reyes,199,-4,,,0,,,0,1,-3
Yairo Munoz,305.1,-2,,,-1,,,0,0,-3
Willie Calhoun,487,2,,,-2,,,,-3,-3
Brendan Rodgers,168.2,-3,,,-1,,,1,,-3
Taylor Ward,27,-2,,-1,-1,,,0,,-4
Kevin Newman,892.2,-4,,,0,,,0,0,-4
Gleyber Torres,1123,-5,,,0,,,1,,-4
Ramon Laureano,934.1,-14,,,5,,,,5,-4
Isiah Kiner-Falefa,439.1,3,-1,0,-2,0,-4,0,,-4
Miguel Castro,68.2,-1,-3,,0,,,,,-4
Jose Abreu,970.1,-4,,0,0,,,0,,-4
Nick Pivetta,91.1,-3,-1,0,0,,,,,-4
Ryon Healy,404,-3,,0,0,,,-1,,-4
Daniel Vogelbach,388.2,-4,,0,0,,,0,,-4
Nomar Mazara,835.1,-2,,,-2,,,,0,-4
Johan Camargo,433.2,-3,,0,-1,,,0,0,-4
Daniel Palka,103,-2,,,0,,,0,-2,-4
Brandon Dixon,703.1,-4,0,0,1,,,0,-1,-4
Jake Bauers,586.1,-3,,,-1,,,0,0,-4
Dustin Peterson,99.2,-3,,,0,,,0,-1,-4
Peter O'Brien,107.2,-2,,,0,,,0,-2,-4
Josh Bell,1138.2,-3,,0,-1,,,0,,-4
Jesse Winker,720,-4,,,-1,,,,1,-4
Kevin Gausman,94,-2,-1,-1,0,,,,,-4
Albert Almora Jr.,736.1,-3,,,-1,,,,0,-4
Elvis Andrus,1139.1,-1,,,-2,,,-1,,-4
Justin Smoak,733,-3,,0,-1,,,0,,-4
Kole Calhoun,1165.2,1,,,-2,,,,-3,-4
Giovanny Urshela,879,-3,,0,-1,,,0,0,-4
Randal Grichuk,1098.1,-5,,,1,,,,0,-4
Willson Contreras,726.1,-2,0,-2,-1,4,-4,0,1,-4
Noah Syndergaard,175,0,-4,0,0,,,,,-4
Eddie Rosario,1009,-9,,,0,,,,5,-4
Kevan Smith,336,,-1,0,-1,1,-3,,,-4
Shawn Armstrong,49.2,-2,-1,,-1,,,,,-4
Brian Goodwin,807.2,0,,,0,,,,-4,-4
CC Sabathia,100.1,-2,-1,-1,0,,,,,-4
Justin Turner,1007.2,-5,,1,1,,,-1,,-4
Hunter Pence,192.1,-3,,,-1,,,,0,-4
Jake Fraley,88.1,-4,,,0,,,,0,-4
Garrett Hampson,518,-2,,,-1,,,0,-1,-4
Joey Lucchesi,150,-4,0,0,0,,,,,-4
Yuli Gurriel,1148,-6,,0,1,,,1,,-4
Keston Hiura,588,-3,,,0,,,-1,,-4
Freddy Galvis,1136,-7,,,2,,,0,,-5
Didi Gregorius,572.1,-6,,,0,,,1,,-5
Niko Goodrum,925.2,-4,,0,-1,,,-1,1,-5
Merrill Kelly,163.1,-4,0,-1,0,,,,,-5
Blake Swihart,182.2,-4,0,,0,0,-1,0,0,-5
Teoscar Hernandez,868,-4,,,-1,,,,0,-5
J.P. Crawford,685.1,-4,,,0,,,-1,,-5
Shed Long,195,-5,,,-1,,,0,1,-5
Jung Ho Kang,365.1,-3,,-1,-1,,,0,,-5
Rafael Devers,1213.1,-2,,0,-1,,,-2,,-5
Austin Meadows,636,-3,,,-3,,,,0,-6
Charlie Tilson,358.1,-4,,,-1,,,,-1,-6
Harold Castro,657.2,-5,,0,0,,,-1,0,-6
Corey Dickerson,518.1,0,,,-2,,,,-4,-6
Cheslor Cuthbert,614.2,-5,,0,-1,,,0,,-6
Brian Dozier,948,-7,,,2,,,-1,,-6
Gregory Polanco,311,-1,,,-2,,,,-3,-6
J.D. Martinez,312.2,-7,,,0,,,,1,-6
Jean Segura,1100.2,-4,,,-2,,,0,,-6
Travis d'Arnaud,669.2,-1,0,-1,-1,-4,1,0,,-6
Robinson Cano,692.1,-8,,,2,,,0,,-6
Peter Alonso,1174,-3,,-2,-1,,,0,,-6
Austin Dean,258,-3,,,-1,,,0,-3,-7
Carter Kieboom,90,-6,,,-1,,,0,,-7
Nick Markakis,843,-2,,,-1,,,,-4,-7
Rougned Odor,1057.1,-7,,,2,,,-2,,-7
Tommy La Stella,586,-6,,,0,,,-1,,-7
Jonathan Villar,1221.1,-7,,,-3,,,3,,-7
Jason Kipnis,999,-7,,,1,,,-1,,-7
Chris Iannetta,338.2,,-1,0,-1,-1,-4,,,-7
A.J. Pollock,564,-7,,,0,,,,0,-7
Jurickson Profar,998.1,-3,,,-2,,,-2,0,-7
Jose Rondon,316,-6,0,0,-1,,,0,0,-7
Jorge Soler,439.1,-7,,,0,,,,0,-7
Wilmer Difo,306.2,-5,,0,-1,,,-1,,-7
Luke Voit,631.1,-7,,0,0,,,0,,-7
Kris Bryant,1142,-3,,-2,0,,,0,-2,-7
Travis Demeritte,311,-6,,,-1,,,,0,-7
Clint Frazier,339.1,-10,,,1,,,,2,-7
Richie Martin Jr.,739.1,-7,,,0,,,-1,,-8
Yoan Moncada,954.1,-7,,-1,-1,,,1,,-8
Trey Mancini,1046.2,-9,,,1,,,0,0,-8
Bryan Holaday,278.1,,-2,-1,-1,0,-4,,,-8
Starling Marte,1141.1,-10,,,0,,,,2,-8
Jason Castro,562,,-2,0,-2,-5,1,,,-8
Wil Myers,891.1,-3,,,-3,,,0,-2,-8
Nicholas Castellanos,1087.2,-3,,,-1,,,,-4,-8
Rosell Herrera,237,-5,,,-1,,,0,-2,-8
Eduardo Nunez,284.2,-7,,-1,0,,,0,,-8
Charlie Blackmon,1050.2,-5,,,-1,,,,-2,-8
Jon Jay,364,-7,,,0,,,,-1,-8
Jose Martinez,553.2,-8,,,-2,,,,1,-9
Tim Anderson,922.2,-10,,,0,,,1,,-9
Pedro Severino,658.2,,1,1,-4,0,-7,,,-9
Dwight Smith Jr.,635.2,-6,,,1,,,,-4,-9
Mallex Smith,1011,-6,,,-2,,,,-1,-9
David Dahl,799.1,-3,,,-3,,,,-4,-10
Franmil Reyes,651.2,-8,,,-1,,,,-1,-10
Steve Wilkerson,715,-3,0,,-2,,,0,-5,-10
Dee Gordon,838.1,-7,,,-1,,,-2,,-10
Jordy Mercer,537.2,-9,,,-2,,,1,,-10
Welington Castillo,369,,-1,0,-1,-1,-7,,,-10
Luis Arraez,593,-9,,0,0,,,0,-1,-10
Chance Sisco,347,,-2,-2,-2,-1,-4,0,,-11
Eloy Jimenez,850.1,-6,,,-1,,,,-4,-11
Trea Turner,909.1,-11,,,-1,,,0,,-12
JaCoby Jones,725.2,-8,,,0,,,,-4,-12
Wilson Ramos,930.1,,-1,2,-2,-3,-8,,,-12
Tim Beckham,615.2,-13,,,0,,,-1,2,-12
Josh Phegley,772,,2,-1,-4,-4,-5,,,-12
Justin Upton,461,-8,,,-2,,,,-3,-13
Melky Cabrera,644.2,-14,,,-1,,,,2,-13
Colin Moran,923,-12,,-2,0,,,1,0,-13
Amed Rosario,1188.1,-13,,,-1,,,0,0,-14
Hunter Dozier,936.1,-10,,-3,0,,,0,-1,-14
Shin-Soo Choo,656.2,-7,,,-1,,,,-6,-14
Jonathan Lucroy,655,0,-1,0,-5,-4,-4,0,,-14
Kurt Suzuki,615.1,,-5,0,-3,-1,-5,,,-14
Domingo Santana,865.2,-10,,,-3,,,,-2,-15
J.D. Davis,701,-14,,-1,-1,,,0,0,-16
Ian Desmond,866,-17,,,2,,,,-4,-19
Elias Diaz,641.1,,-2,0,-3,-8,-7,,,-20
Omar Narvaez,734.2,0,-3,0,-5,-4,-8,0,,-20
Xander Bogaerts,1236.1,-21,,,0,,,-1,,-22
